{"cameraMode":{"drawMode":0,"name":"Shaded","section":"Shading Mode"},"sceneLighting":false,"audioPlay":false,"sceneViewState":{"showFog":true,"showMaterialUpdate":false,"showSkybox":true,"showFlares":true,"showImageEffects":true,"showParticleSystems":true},"in2DMode":false,"pivot":{"x":2.0382072925567629,"y":0.849384069442749,"z":6.0412187576293949},"rotation":{"x":0.48951295018196108,"y":0.06917715817689896,"z":-0.038996148854494098,"w":0.8683726191520691},"size":2.873145580291748,"orthographic":false}