{"cameraMode":{"drawMode":0,"name":"Shaded","section":"Shading Mode"},"sceneLighting":false,"audioPlay":false,"sceneViewState":{"showFog":true,"showMaterialUpdate":false,"showSkybox":true,"showFlares":true,"showImageEffects":true,"showParticleSystems":true},"in2DMode":false,"pivot":{"x":112.66033935546875,"y":-230.75531005859376,"z":27.90167236328125},"rotation":{"x":0.07271718978881836,"y":-0.9233163595199585,"z":0.3073725700378418,"w":0.2184523046016693},"size":22.0,"orthographic":false}